category,Contracts,%
Other,215,100.0
access_control,20,9.30232558139535
arithmetic,45,20.930232558139537
denial_service,37,17.209302325581397
time_manipulation,10,4.651162790697675
unchecked_low_calls,18,8.372093023255815
